LLM,Similarity,Avg Response Time (s)
gemma,0.632562714,19.714
llama31,0.593749,45.89466667
llama32,0.514498264,21.66083333
qwen,0.653845835,48.03233333
