LLM,Similarity,Avg Response Time (s)
gemma,0.565469697,14.11146509
llama31,0.596694444,27.08817105
llama32,0.465148148,10.59977764
qwen,0.577777778,27.44731059
