model,micro_P,micro_R,micro_F1,macro_P,macro_R,macro_F1,TP_total,FP_total,FN_total,n_samples
Gemma2,0.865976634,0.719335793,0.785874101,0.666494065,0.627231319,0.630075691,19494,3017,7606,6000
LLaMA3.1,0.851453579,0.502546125,0.632045481,0.517822717,0.472128977,0.479122829,13619,2376,13481,6000
LLaMA3.2,0.853291199,0.468302583,0.604722083,0.443195699,0.385749447,0.396321166,12691,2182,14409,6000
Qwen2.5,0.873020006,0.742324723,0.802385178,0.690311418,0.660610576,0.661502899,20117,2926,6983,6000
