model,micro_P,micro_R,micro_F1,macro_P,macro_R,macro_F1,TP_total,FP_total,FN_total,n_samples
Gemma2,0.522185552,0.749473684,0.615517614,0.130661111,0.117855556,0.122189815,1424,1303,476,6000
LLaMA3.1,0.519859813,0.468421053,0.492801772,0.089788889,0.072494444,0.076987037,890,822,1010,6000
LLaMA3.2,0.502606106,0.355263158,0.416281221,0.077111111,0.062016667,0.065873148,675,668,1225,6000
Qwen2.5,0.520046711,0.703157895,0.597896621,0.134833333,0.1148,0.120804377,1336,1233,564,6000
