model,micro_P,micro_R,micro_F1,macro_P,macro_R,macro_F1,TP_total,FP_total,FN_total,n_samples
gemma,0.8659766336457732,0.7193357933579336,0.785874100501905,0.6664940654131444,0.6272313191438191,0.6300756910725729,19494,3017,7606,6000
llama31,0.8514535792435136,0.5025461254612547,0.6320454809142593,0.5178227168664669,0.4721289772727273,0.4791228294940303,13619,2376,13481,6000
llama32,0.8532911988166476,0.4683025830258303,0.6047220832439901,0.4431956986912869,0.38574944684944684,0.39632116561284536,12691,2182,14409,6000
qwen,0.8730200060755978,0.7423247232472324,0.802385178389805,0.6903114179801679,0.660610575998076,0.6615028988886423,20117,2926,6983,6000
