model,micro_P,micro_R,micro_F1,macro_P,macro_R,macro_F1,TP_total,FP_total,FN_total,n_samples
Gemma2,0.852359777,0.721835443,0.7816864,0.686840582,0.665750066,0.656784898,22810,3951,8790,6000
LLaMA3.1,0.828422508,0.492911392,0.618070711,0.530390931,0.500428726,0.495693935,15576,3226,16024,6000
LLaMA3.2,0.84468759,0.464177215,0.599121822,0.463635626,0.40892716,0.417858415,14668,2697,16932,6000
Qwen2.5,0.876551594,0.735221519,0.799690216,0.724087308,0.699319114,0.695228717,23233,3272,8367,6000
