model,micro_P,micro_R,micro_F1,macro_P,macro_R,macro_F1,TP_total,FP_total,FN_total,n_samples
gemma,0.8523597772878443,0.7218354430379746,0.7816864001644934,0.6868405822718376,0.6657500661375662,0.6567848983837894,22810,3951,8790,6000
llama31,0.8284225082438038,0.49291139240506326,0.6180707114797032,0.5303909312110305,0.5004287257495591,0.49569393488347857,15576,3226,16024,6000
llama32,0.8446875899798445,0.4641772151898734,0.5991218217093843,0.4636356255298647,0.40892716049382716,0.41785841506993615,14668,2697,16932,6000
qwen,0.8765515940388606,0.7352215189873418,0.799690215988297,0.724087308062308,0.6993191137566138,0.6952287167063791,23233,3272,8367,6000
