model,micro_P,micro_R,micro_F1,macro_P,macro_R,macro_F1,TP_total,FP_total,FN_total,n_samples
gemma,0.5221855518885222,0.7494736842105263,0.6155176140047547,0.13066111111111112,0.11785555555555556,0.12218981481481482,1424,1303,476,6000
llama31,0.5198598130841121,0.46842105263157896,0.49280177187153934,0.08978888888888889,0.07249444444444444,0.07698703703703703,890,822,1010,6000
llama32,0.5026061057334326,0.35526315789473684,0.4162812210915819,0.07711111111111112,0.06201666666666667,0.06587314814814815,675,668,1225,6000
qwen,0.5200467107824056,0.7031578947368421,0.5978966211680465,0.13483333333333333,0.1148,0.12080437710437711,1336,1233,564,6000
